listing_id,listing_url,price,district,neighborhood,is_in_complex,scraped_at
22417,https://www.hepsiemlak.com/istanbul-bagcilar-15-temmuz-satilik/residence/40658-22417,11900000,Bağcılar,15 Temmuz Mah.,True,2026-07-17 14:59:54.850695
2267,https://www.hepsiemlak.com/istanbul-kagithane-gursel-satilik/residence/85532-2267,6900000,Kağıthane,Gürsel Mah.,True,2026-07-17 14:59:54.864754
286,https://www.hepsiemlak.com/istanbul-kagithane-caglayan-satilik/residence/144780-286,5600000,Kağıthane,Çağlayan Mah.,True,2026-07-17 14:59:54.878938
2252,https://www.hepsiemlak.com/istanbul-esenyurt-cumhuriyet-satilik/residence/65982-2252,6850000,Esenyurt,Cumhuriyet Mah.,True,2026-07-17 14:59:54.891951
59,https://www.hepsiemlak.com/istanbul-esenyurt-barbaros-hayrettin-pasa-satilik/residence/168780-59,4400000,Esenyurt,Barbaros Hayrettin Paşa Mah.,True,2026-07-17 14:59:54.905916
11,https://www.hepsiemlak.com/istanbul-sisli-mecidiyekoy-satilik/residence/169212-11,10450000,Şişli,Mecidiyeköy Mah.,True,2026-07-17 14:59:54.919421
1529,https://www.hepsiemlak.com/istanbul-sisli-yayla-satilik/residence/17314-1529,8000000,Şişli,Yayla Mah.,True,2026-07-17 14:59:54.932481
1095,https://www.hepsiemlak.com/istanbul-esenyurt-yesilkent-satilik/residence/136375-1095,4000000,Esenyurt,Yeşilkent Mah.,True,2026-07-17 14:59:54.944849
57292,https://www.hepsiemlak.com/istanbul-besiktas-nisbetiye-satilik/residence/8525-57292,127500000,Beşiktaş,Nisbetiye Mah.,True,2026-07-17 14:59:54.957261
57344,https://www.hepsiemlak.com/istanbul-besiktas-levazim-satilik/residence/8525-57344,103000000,Beşiktaş,Levazım Mah.,True,2026-07-17 14:59:54.970281
192,https://www.hepsiemlak.com/istanbul-kagithane-talatpasa-satilik/residence/145839-192,8700000,Kağıthane,Talatpaşa Mah.,True,2026-07-17 14:59:54.982557
4237,https://www.hepsiemlak.com/istanbul-kartal-cevizli-satilik/residence/72542-4237,4400000,Kartal,Cevizli Mah.,True,2026-07-17 14:59:54.995808
4651,https://www.hepsiemlak.com/istanbul-kagithane-talatpasa-satilik/residence/24435-4651,5900000,Kağıthane,Talatpaşa Mah.,True,2026-07-17 14:59:55.008250
57440,https://www.hepsiemlak.com/istanbul-sisli-tesvikiye-satilik/residence/8525-57440,134500000,Şişli,Teşvikiye Mah.,True,2026-07-17 14:59:55.025102
57345,https://www.hepsiemlak.com/istanbul-sisli-esentepe-satilik/residence/8525-57345,67500000,Şişli,Esentepe Mah.,True,2026-07-17 14:59:55.039554
45223,https://www.hepsiemlak.com/istanbul-kagithane-gultepe-satilik/residence/17993-45223,4650000,Kağıthane,Gültepe Mah.,True,2026-07-17 14:59:55.052751
57337,https://www.hepsiemlak.com/istanbul-besiktas-nisbetiye-satilik/residence/8525-57337,102000000,Beşiktaş,Nisbetiye Mah.,True,2026-07-17 14:59:55.066159
451,https://www.hepsiemlak.com/istanbul-zeytinburnu-kazlicesme-satilik/residence/145707-451,21200000,Zeytinburnu,Kazlıçeşme Mah.,True,2026-07-17 14:59:55.078999
6480,https://www.hepsiemlak.com/istanbul-sisli-fulya-satilik/residence/6485-6480,11450000,Şişli,Fulya Mah.,True,2026-07-17 14:59:55.091198
12525,https://www.hepsiemlak.com/istanbul-kagithane-emniyet-evleri-satilik/residence/81240-12525,12750000,Kağıthane,Emniyet Evleri Mah.,True,2026-07-17 14:59:55.104025
511,https://www.hepsiemlak.com/istanbul-sisli-merkez-satilik/residence/136797-511,55000000,Şişli,Merkez Mah.,True,2026-07-17 14:59:55.116219
40,https://www.hepsiemlak.com/istanbul-kagithane-telsizler-satilik/residence/168963-40,6100000,Kağıthane,Telsizler Mah.,True,2026-07-17 14:59:55.129889
725,https://www.hepsiemlak.com/istanbul-kagithane-hamidiye-satilik/residence/145406-725,39750000,Kağıthane,Hamidiye Mah.,True,2026-07-17 14:59:55.142173
46920308,https://www.hepsiemlak.com/istanbul-bagcilar-100-yil-satilik/residence/0-46920308,2850000,Bağcılar,100. Yıl Mah.,True,2026-07-17 14:59:55.154534
